Top1_Acc_Exp/eval_phase/test_stream/Exp000,Loss_Exp/eval_phase/test_stream/Exp000,Top1_Acc_Exp/eval_phase/test_stream/Exp001,Loss_Exp/eval_phase/test_stream/Exp001,Top1_Acc_Exp/eval_phase/test_stream/Exp002,Loss_Exp/eval_phase/test_stream/Exp002,Top1_Acc_Stream/eval_phase/test_stream,Loss_Stream/eval_phase/test_stream,Top1_Acc_Exp/eval_phase/train_stream/Exp000,Loss_Exp/eval_phase/train_stream/Exp000,Top1_Acc_Stream/eval_phase/train_stream,Loss_Stream/eval_phase/train_stream,Top1_Acc_MB/train_phase/train_stream,Loss_MB/train_phase/train_stream,Top1_Acc_Epoch/train_phase/train_stream,Loss_Epoch/train_phase/train_stream,<eval.metrics.ProjectionOverheadMetric object at 0x7ff1196227d0>/train_phase/train_stream/Exp000,experience,Top1_Acc_Exp/eval_phase/train_stream/Exp001,Loss_Exp/eval_phase/train_stream/Exp001,<eval.metrics.ProjectionOverheadMetric object at 0x7ff1196227d0>/train_phase/train_stream/Exp001,Top1_Acc_Exp/eval_phase/train_stream/Exp002,Loss_Exp/eval_phase/train_stream/Exp002,<eval.metrics.ProjectionOverheadMetric object at 0x7ff1196227d0>/train_phase/train_stream/Exp002
0.35,6.417517423629761,0.2222222222222222,4.382202015982734,0.1935483870967742,5.620078582436808,0.24358974358974358,5.396054345636796,0.225,7.716531425714493,0.225,7.716531425714493,0.8,0.8348196148872375,0.3375,3.164486411958933,0.0,1,,,,,,
0.3,9.695535957813263,0.2222222222222222,6.108342462115818,0.22580645161290322,6.607046432072116,0.24358974358974358,7.22633852599523,0.225,7.716531425714493,0.3425925925925926,6.395165967720526,0.3333333333333333,1.8354533910751343,0.3055555555555556,3.6982520112284907,0.0,2,0.3425925925925926,6.395165967720526,0.023096510209143162,,,
0.25,17.144977927207947,0.37037037037037035,8.998679761533383,0.2903225806451613,12.230043811182822,0.3076923076923077,12.37173423400292,0.225,7.716531425714493,0.32231404958677684,12.413589335670157,0.0,7.853192329406738,0.2644628099173554,4.2359371589235035,0.0,3,0.3425925925925926,6.395165967720526,0.023096510209143162,0.32231404958677684,12.413589335670157,0.006644644774496555
