Top1_Acc_Exp/eval_phase/test_stream/Exp000,Time_Exp/eval_phase/test_stream/Exp000,Top1_Acc_Exp/eval_phase/test_stream/Exp001,Time_Exp/eval_phase/test_stream/Exp001,Top1_Acc_Exp/eval_phase/test_stream/Exp002,Time_Exp/eval_phase/test_stream/Exp002,Top1_Acc_Stream/eval_phase/test_stream,Time_Stream/eval_phase/test_stream,Top1_Acc_Exp/eval_phase/train_stream/Exp000,Time_Exp/eval_phase/train_stream/Exp000,Top1_Acc_Stream/eval_phase/train_stream,Time_Stream/eval_phase/train_stream,Top1_Acc_MB/train_phase/train_stream,Time_MB/train_phase/train_stream,Top1_Acc_Epoch/train_phase/train_stream,Time_Epoch/train_phase/train_stream,<eval.metrics.ProjectionOverheadMetric object at 0x7fbc2ab76bc0>/train_phase/train_stream/Exp000,experience,Top1_Acc_Exp/eval_phase/train_stream/Exp001,Time_Exp/eval_phase/train_stream/Exp001,<eval.metrics.ProjectionOverheadMetric object at 0x7fbc2ab76bc0>/train_phase/train_stream/Exp001,Top1_Acc_Exp/eval_phase/train_stream/Exp002,Time_Exp/eval_phase/train_stream/Exp002,<eval.metrics.ProjectionOverheadMetric object at 0x7fbc2ab76bc0>/train_phase/train_stream/Exp002
0.15,0.08249613689258695,0.2222222222222222,0.11418145289644599,0.25806451612903225,0.13245377223938704,0.21794871794871795,0.33685170905664563,0.275,0.33008770924061537,0.275,0.3331479886546731,0.0,0.046402077190577984,0.1875,0.8500963877886534,0.0,1,,,,,,
0.3,0.08305736491456628,0.25925925925925924,0.11435863701626658,0.25806451612903225,0.13251258293166757,0.2692307692307692,0.33751223888248205,0.275,0.33008770924061537,0.32407407407407407,0.4526172890327871,0.0,0.490406836848706,0.25925925925925924,23.13532394496724,0.0,2,0.32407407407407407,0.44948230776935816,8.300384414382279,,,
0.2,0.08297619456425309,0.25925925925925924,0.11426008213311434,0.3225806451612903,0.13281546207144856,0.2692307692307692,0.3376595019362867,0.275,0.33008770924061537,0.32231404958677684,0.5092619643546641,0.0,2.4297327497042716,0.2975206611570248,62.615993920248,0.0,3,0.32407407407407407,0.44948230776935816,8.300384414382279,0.32231404958677684,0.5060113612562418,20.392406336963177
