Loss_Exp/eval_phase/test_stream/Exp000,Loss_Exp/eval_phase/test_stream/Exp001,Loss_Exp/eval_phase/test_stream/Exp002,Loss_Stream/eval_phase/test_stream,Loss_Exp/eval_phase/train_stream/Exp000,Loss_Stream/eval_phase/train_stream,Loss_MB/train_phase/train_stream,Loss_Epoch/train_phase/train_stream,<eval.metrics.ProjectionOverheadMetric object at 0x7f9fb4776aa0>/train_phase/train_stream/Exp000,experience,Loss_Exp/eval_phase/train_stream/Exp001,<eval.metrics.ProjectionOverheadMetric object at 0x7f9fb4776aa0>/train_phase/train_stream/Exp001,Loss_Exp/eval_phase/train_stream/Exp002,<eval.metrics.ProjectionOverheadMetric object at 0x7f9fb4776aa0>/train_phase/train_stream/Exp002
6.417517423629761,4.382202015982734,5.620078582436808,5.396054345636796,7.716531425714493,7.716531425714493,0.8348196148872375,3.164486411958933,0.0,1,,,,
5.052174210548401,3.486700349383884,3.770562260381637,4.000920816873893,7.716531425714493,3.423865915448577,1.4405937194824219,4.092289378245671,0.0,2,3.423865915448577,0.008983531966805458,,
3.1735071539878845,2.819377060289736,6.374051817001835,4.32293500044407,7.716531425714493,5.347711345380988,3.4784584045410156,2.125071768918313,0.0,3,3.423865915448577,0.008983531966805458,5.347711345380988,0.029337026178836823
