Loss_Exp/eval_phase/test_stream/Exp000,Loss_Exp/eval_phase/test_stream/Exp001,Loss_Exp/eval_phase/test_stream/Exp002,Loss_Stream/eval_phase/test_stream,Loss_Exp/eval_phase/train_stream/Exp000,Loss_Stream/eval_phase/train_stream,Loss_MB/train_phase/train_stream,Loss_Epoch/train_phase/train_stream,<eval.metrics.ProjectionOverheadMetric object at 0x7f3159d47130>/train_phase/train_stream/Exp000,experience,Loss_Exp/eval_phase/train_stream/Exp001,<eval.metrics.ProjectionOverheadMetric object at 0x7f3159d47130>/train_phase/train_stream/Exp001,Loss_Exp/eval_phase/train_stream/Exp002,<eval.metrics.ProjectionOverheadMetric object at 0x7f3159d47130>/train_phase/train_stream/Exp002
1.6375684440135956,1.8004972449055425,1.9865748363156472,1.832674543827008,1.6077028140425682,1.6077028140425682,1.96746027469635,1.957258678972721,0.0,1,,,,
1.5630739033222198,1.6324682412324127,1.8120782529154131,1.6860582874371455,1.6077028140425682,1.6203012322938,1.5561619997024536,1.5878516617748473,0.0,2,1.6203012322938,0.06255746865645051,,
1.9742300510406494,2.2337070173687406,2.604399488818261,2.31450095696327,1.6077028140425682,2.4293798493944907,1.0762321949005127,1.5815303000536831,0.0,3,1.6203012322938,0.06255746865645051,2.4293798493944907,0.05344808101654053
