Top1_Acc_Exp/eval_phase/test_stream/Exp000,Loss_Exp/eval_phase/test_stream/Exp000,Top1_Acc_Exp/eval_phase/test_stream/Exp001,Loss_Exp/eval_phase/test_stream/Exp001,Top1_Acc_Exp/eval_phase/test_stream/Exp002,Loss_Exp/eval_phase/test_stream/Exp002,Top1_Acc_Stream/eval_phase/test_stream,Loss_Stream/eval_phase/test_stream,Top1_Acc_Exp/eval_phase/train_stream/Exp000,Loss_Exp/eval_phase/train_stream/Exp000,Top1_Acc_Stream/eval_phase/train_stream,Loss_Stream/eval_phase/train_stream,Top1_Acc_MB/train_phase/train_stream,Loss_MB/train_phase/train_stream,Top1_Acc_Epoch/train_phase/train_stream,Loss_Epoch/train_phase/train_stream,<eval.metrics.ProjectionOverheadMetric object at 0x7ff119621c30>/train_phase/train_stream/Exp000,experience,Top1_Acc_Exp/eval_phase/train_stream/Exp001,Loss_Exp/eval_phase/train_stream/Exp001,<eval.metrics.ProjectionOverheadMetric object at 0x7ff119621c30>/train_phase/train_stream/Exp001,Top1_Acc_Exp/eval_phase/train_stream/Exp002,Loss_Exp/eval_phase/train_stream/Exp002,<eval.metrics.ProjectionOverheadMetric object at 0x7ff119621c30>/train_phase/train_stream/Exp002
0.35,6.417517423629761,0.2222222222222222,4.382202015982734,0.1935483870967742,5.620078582436808,0.24358974358974358,5.396054345636796,0.225,7.716531425714493,0.225,7.716531425714493,0.8,0.8348196148872375,0.3375,3.164486411958933,0.0,1,,,,,,
0.1,5.065807908773422,0.2222222222222222,3.4916661271342524,0.22580645161290322,3.7777451545961442,0.19230769230769232,4.008990300007356,0.225,7.716531425714493,0.23148148148148148,3.4319888949394226,0.3333333333333333,1.442297339439392,0.23148148148148148,4.092409920913202,0.0,2,0.23148148148148148,3.4319888949394226,0.009030911140143871,,,
0.35,2.603094160556793,0.25925925925925924,2.77063371958556,0.1935483870967742,6.958306758634506,0.2564102564102564,4.392006450738663,0.225,7.716531425714493,0.256198347107438,5.581508488448198,0.0,2.940030574798584,0.3305785123966942,2.1157641144823436,0.0,3,0.23148148148148148,3.4319888949394226,0.009030911140143871,0.256198347107438,5.581508488448198,0.029325924813747406
